"","pixelGroup","cohort_id","age","B"
"1",1,1,0,1
"2",1,1,1,2
"3",1,1,2,4
"4",1,1,3,8
"5",1,1,4,14
"6",1,1,5,22
"7",1,1,6,33
"8",1,1,7,47
"9",1,1,8,65
"10",1,1,9,87
"11",1,1,10,113
"12",1,1,11,143
"13",1,1,12,178
"14",1,1,13,218
"15",1,1,14,262
"16",1,1,15,311
"17",1,1,16,364
"18",1,1,17,422
"19",1,1,18,484
"20",1,1,19,550
"21",1,1,20,620
"22",1,1,21,694
"23",1,1,22,771
"24",1,1,23,852
"25",1,1,24,936
"26",1,1,25,1023
"27",1,1,26,1112
"28",1,1,27,1203
"29",1,1,28,1297
"30",1,1,29,1392
"31",1,1,30,1489
"32",1,1,31,1587
"33",1,1,32,1687
"34",1,1,33,1788
"35",1,1,34,1890
"36",1,1,35,1992
"37",1,1,36,2095
"38",1,1,37,2198
"39",1,1,38,2301
"40",1,1,39,2405
"41",1,1,40,2509
"42",1,1,41,2613
"43",1,1,42,2716
"44",1,1,43,2819
"45",1,1,44,2922
"46",1,1,45,3024
"47",1,1,46,3126
"48",1,1,47,3227
"49",1,1,48,3327
"50",1,1,49,3427
"51",1,1,50,3526
"52",1,1,51,3624
"53",1,1,52,3721
"54",1,1,53,3817
"55",1,1,54,3912
"56",1,1,55,4006
"57",1,1,56,4100
"58",1,1,57,4193
"59",1,1,58,4285
"60",1,1,59,4375
"61",1,1,60,4464
"62",1,1,61,4552
"63",1,1,62,4639
"64",1,1,63,4725
"65",1,1,64,4810
"66",1,1,65,4894
"67",1,1,66,4977
"68",1,1,67,5059
"69",1,1,68,5140
"70",1,1,69,5220
"71",1,1,70,5299
"72",1,1,71,5377
"73",1,1,72,5454
"74",1,1,73,5529
"75",1,1,74,5603
"76",1,1,75,5676
"77",1,1,76,5748
"78",1,1,77,5819
"79",1,1,78,5889
"80",1,1,79,5958
"81",1,1,80,6026
"82",1,1,81,6093
"83",1,1,82,6159
"84",1,1,83,6224
"85",1,1,84,6288
"86",1,1,85,6351
"87",1,1,86,6413
"88",1,1,87,6474
"89",1,1,88,6534
"90",1,1,89,6593
"91",1,1,90,6651
"92",1,1,91,6708
"93",1,1,92,6765
"94",1,1,93,6821
"95",1,1,94,6876
"96",1,1,95,6930
"97",1,1,96,6983
"98",1,1,97,7035
"99",1,1,98,7086
"100",1,1,99,7136
"101",1,1,100,7186
"102",1,1,101,7235
"103",1,1,102,7283
"104",1,1,103,7330
"105",1,1,104,7376
"106",1,1,105,7421
"107",1,1,106,7466
"108",1,1,107,7510
"109",1,1,108,7553
"110",1,1,109,7595
"111",1,1,110,7636
"112",1,1,111,7676
"113",1,1,112,7715
"114",1,1,113,7753
"115",1,1,114,7790
"116",1,1,115,7826
"117",1,1,116,7861
"118",1,1,117,7895
"119",1,1,118,7928
"120",1,1,119,7960
"121",1,1,120,7991
"122",1,1,121,8021
"123",1,1,122,8049
"124",1,1,123,8076
"125",1,1,124,8101
"126",1,1,125,8124
"127",1,1,126,8145
"128",1,1,127,8164
"129",1,1,128,8180
"130",1,1,129,8194
"131",1,1,130,8205
"132",1,1,131,8212
"133",1,1,132,8216
"134",1,1,133,8216
"135",1,1,134,8211
"136",1,1,135,8201
"137",1,1,136,8185
"138",1,1,137,8163
"139",1,1,138,8133
"140",1,1,139,8095
"141",1,1,140,8048
"142",1,1,141,7991
"143",1,1,142,7923
"144",1,1,143,7842
"145",1,1,144,7747
"146",1,1,145,7637
"147",1,1,146,7510
"148",1,1,147,7365
"149",1,1,148,7199
"150",1,1,149,7012
"151",1,1,150,6802
"152",1,1,151,6548
"153",1,1,152,6235
"154",1,1,153,5890
"155",1,1,154,5518
"156",1,1,155,5121
"157",1,1,156,4700
"158",1,1,157,4260
"159",1,1,158,3805
"160",1,1,159,3341
"161",1,1,160,2877
"162",1,1,161,2421
"163",1,1,162,1983
"164",1,1,163,1574
"165",1,1,164,1204
"166",1,1,165,882
"167",1,1,166,613
"168",1,1,167,400
"169",1,1,168,242
"170",1,1,169,133
"171",1,1,170,65
"172",1,1,171,28
"173",1,1,172,10
"174",1,1,173,3
"175",1,1,174,1
"176",1,1,175,1
"177",2,2,0,1
"178",2,2,1,2
"179",2,2,2,3
"180",2,2,3,4
"181",2,2,4,5
"182",2,2,5,6
"183",2,2,6,7
"184",2,2,7,9
"185",2,2,8,11
"186",2,2,9,13
"187",2,2,10,15
"188",2,2,11,17
"189",2,2,12,20
"190",2,2,13,23
"191",2,2,14,26
"192",2,2,15,29
"193",2,2,16,32
"194",2,2,17,35
"195",2,2,18,38
"196",2,2,19,41
"197",2,2,20,44
"198",2,2,21,47
"199",2,2,22,50
"200",2,2,23,53
"201",2,2,24,56
"202",2,2,25,59
"203",2,2,26,62
"204",2,2,27,65
"205",2,2,28,67
"206",2,2,29,69
"207",2,2,30,71
"208",2,2,31,73
"209",2,2,32,75
"210",2,2,33,77
"211",2,2,34,79
"212",2,2,35,81
"213",2,2,36,83
"214",2,2,37,85
"215",2,2,38,87
"216",2,2,39,89
"217",2,2,40,91
"218",2,2,41,93
"219",2,2,42,95
"220",2,2,43,97
"221",2,2,44,99
"222",2,2,45,101
"223",2,2,46,103
"224",2,2,47,105
"225",2,2,48,107
"226",2,2,49,109
"227",2,2,50,111
"228",2,2,51,113
"229",2,2,52,115
"230",2,2,53,117
"231",2,2,54,119
"232",2,2,55,121
"233",2,2,56,123
"234",2,2,57,125
"235",2,2,58,127
"236",2,2,59,129
"237",2,2,60,131
"238",2,2,61,133
"239",2,2,62,135
"240",2,2,63,137
"241",2,2,64,139
"242",2,2,65,141
"243",2,2,66,143
"244",2,2,67,145
"245",2,2,68,147
"246",2,2,69,149
"247",2,2,70,151
"248",2,2,71,153
"249",2,2,72,155
"250",2,2,73,157
"251",2,2,74,159
"252",2,2,75,161
"253",2,2,76,163
"254",2,2,77,165
"255",2,2,78,167
"256",2,2,79,169
"257",2,2,80,171
"258",2,2,81,173
"259",2,2,82,175
"260",2,2,83,177
"261",2,2,84,179
"262",2,2,85,181
"263",2,2,86,183
"264",2,2,87,185
"265",2,2,88,187
"266",2,2,89,189
"267",2,2,90,191
"268",2,2,91,193
"269",2,2,92,195
"270",2,2,93,197
"271",2,2,94,199
"272",2,2,95,201
"273",2,2,96,203
"274",2,2,97,206
"275",2,2,98,209
"276",2,2,99,212
"277",2,2,100,215
"278",2,2,101,218
"279",2,2,102,221
"280",2,2,103,224
"281",2,2,104,227
"282",2,2,105,230
"283",2,2,106,233
"284",2,2,107,236
"285",2,2,108,239
"286",2,2,109,242
"287",2,2,110,245
"288",2,2,111,248
"289",2,2,112,251
"290",2,2,113,254
"291",2,2,114,257
"292",2,2,115,260
"293",2,2,116,263
"294",2,2,117,266
"295",2,2,118,269
"296",2,2,119,272
"297",2,2,120,275
"298",2,2,121,278
"299",2,2,122,281
"300",2,2,123,285
"301",2,2,124,289
"302",2,2,125,293
"303",2,2,126,297
"304",2,2,127,301
"305",2,2,128,304
"306",2,2,129,307
"307",2,2,130,310
"308",2,2,131,313
"309",2,2,132,316
"310",2,2,133,319
"311",2,2,134,322
"312",2,2,135,325
"313",2,2,136,327
"314",2,2,137,329
"315",2,2,138,331
"316",2,2,139,333
"317",2,2,140,334
"318",2,2,141,335
"319",2,2,142,335
"320",2,2,143,334
"321",2,2,144,333
"322",2,2,145,330
"323",2,2,146,325
"324",2,2,147,318
"325",2,2,148,310
"326",2,2,149,301
"327",2,2,150,291
"328",2,2,151,280
"329",2,2,152,267
"330",2,2,153,253
"331",2,2,154,238
"332",2,2,155,222
"333",2,2,156,205
"334",2,2,157,187
"335",2,2,158,168
"336",2,2,159,148
"337",2,2,160,128
"338",2,2,161,109
"339",2,2,162,90
"340",2,2,163,72
"341",2,2,164,56
"342",2,2,165,42
"343",2,2,166,30
"344",2,2,167,21
"345",2,2,168,14
"346",2,2,169,9
"347",2,2,170,5
"348",2,2,171,3
"349",2,2,172,2
"350",2,2,173,1
"351",2,2,174,1
"352",2,2,175,1
"353",2,2,176,0
"354",2,2,177,0
"355",2,2,178,0
"356",2,2,179,0
"357",2,2,180,0
"358",2,2,181,0
"359",2,2,182,0
"360",2,2,183,0
"361",2,2,184,0
"362",2,2,185,0
"363",2,2,186,0
"364",2,2,187,0
"365",2,2,188,0
"366",2,2,189,0
"367",2,2,190,0
"368",2,2,191,0
"369",2,2,192,0
"370",2,2,193,0
"371",2,2,194,0
"372",2,2,195,0
"373",2,2,196,0
"374",2,2,197,0
"375",2,2,198,0
"376",2,2,199,0
"377",2,2,200,0
"378",2,2,201,0
"379",2,2,202,0
"380",2,2,203,0
"381",2,2,204,0
"382",2,2,205,0
"383",2,2,206,0
"384",2,2,207,0
"385",2,2,208,0
"386",2,2,209,0
"387",2,2,210,0
"388",2,2,211,0
"389",2,2,212,0
"390",2,2,213,0
"391",2,2,214,0
"392",2,2,215,0
"393",2,2,216,0
"394",2,2,217,0
"395",2,2,218,0
"396",2,2,219,0
"397",2,2,220,0
"398",2,2,221,0
"399",2,2,222,0
"400",2,2,223,0
"401",2,2,224,0
"402",2,2,225,0
"403",2,2,226,0
"404",2,2,227,0
"405",2,2,228,0
"406",2,2,229,0
"407",2,2,230,0
"408",2,2,231,0
"409",2,2,232,0
"410",2,2,233,0
"411",2,2,234,0
"412",2,2,235,0
"413",2,2,236,0
"414",2,2,237,0
"415",2,2,238,0
"416",2,2,239,0
"417",2,2,240,0
"418",2,2,241,0
"419",2,2,242,0
"420",2,2,243,0
"421",2,2,244,0
"422",2,2,245,0
"423",2,2,246,0
"424",2,2,247,0
"425",2,2,248,0
"426",2,2,249,0
"427",2,2,250,0
"428",2,2,251,0
"429",2,2,252,0
"430",2,2,253,0
"431",2,2,254,0
"432",2,2,255,0
"433",2,2,256,0
"434",2,2,257,0
"435",2,2,258,0
"436",2,2,259,0
"437",2,2,260,0
"438",2,2,261,0
"439",2,2,262,0
"440",2,2,263,0
"441",2,2,264,0
"442",2,2,265,0
"443",2,2,266,0
"444",2,2,267,0
"445",2,2,268,0
"446",2,2,269,0
"447",2,2,270,0
"448",2,2,271,0
"449",2,2,272,0
"450",2,2,273,0
"451",2,2,274,0
"452",2,2,275,0
"453",2,2,276,0
"454",2,2,277,0
"455",2,2,278,0
"456",2,2,279,0
"457",2,2,280,0
"458",2,2,281,0
"459",2,2,282,0
"460",2,2,283,0
"461",2,2,284,0
"462",2,2,285,0
"463",2,2,286,0
"464",2,2,287,0
"465",2,2,288,0
"466",2,2,289,0
"467",2,2,290,0
"468",2,2,291,0
"469",2,2,292,0
"470",2,2,293,0
"471",2,2,294,0
"472",2,2,295,0
"473",2,2,296,0
"474",2,2,297,0
"475",2,2,298,0
"476",2,2,299,0
"477",2,2,300,0
"478",2,2,301,0
"479",2,2,302,0
"480",2,2,303,0
"481",2,2,304,0
"482",2,2,305,0
"483",2,2,306,0
"484",2,2,307,0
"485",2,2,308,0
"486",2,2,309,0
"487",2,2,310,0
"488",2,2,311,0
"489",2,2,312,0
"490",2,2,313,0
"491",2,2,314,0
"492",2,2,315,0
"493",2,2,316,0
"494",2,2,317,0
"495",2,2,318,0
"496",2,2,319,0
"497",2,2,320,0
"498",2,2,321,0
"499",2,2,322,0
"500",2,2,323,0
"501",2,2,324,0
"502",2,2,325,0
"503",2,2,326,0
"504",2,2,327,0
"505",2,2,328,0
"506",2,2,329,0
"507",2,2,330,0
"508",2,2,331,0
"509",2,2,332,0
"510",2,2,333,0
"511",2,2,334,0
"512",2,2,335,0
"513",2,2,336,0
"514",2,2,337,0
"515",2,2,338,0
"516",2,2,339,0
"517",2,2,340,0
"518",2,2,341,0
"519",2,2,342,0
"520",2,2,343,0
"521",2,2,344,0
"522",2,2,345,0
"523",2,2,346,0
"524",2,2,347,0
"525",2,2,348,0
"526",2,2,349,0
"527",2,2,350,0
"528",2,2,351,0
"529",2,2,352,0
"530",2,2,353,0
"531",2,2,354,0
"532",2,2,355,0
"533",2,2,356,0
"534",2,2,357,0
"535",2,2,358,0
"536",2,2,359,0
"537",2,2,360,0
"538",2,2,361,0
"539",2,2,362,0
"540",2,2,363,0
"541",2,2,364,0
"542",2,2,365,0
"543",2,2,366,0
"544",2,2,367,0
"545",2,2,368,0
"546",2,2,369,0
"547",2,2,370,0
"548",2,2,371,0
"549",2,2,372,0
"550",2,2,373,0
"551",2,2,374,0
"552",2,2,375,0
"553",2,2,376,0
"554",2,2,377,0
"555",2,2,378,0
"556",2,2,379,0
"557",2,2,380,0
"558",2,2,381,0
"559",2,2,382,0
"560",2,2,383,0
"561",2,2,384,0
"562",2,2,385,0
"563",2,2,386,0
"564",2,2,387,0
"565",2,2,388,0
"566",2,2,389,0
"567",2,2,390,0
"568",2,2,391,0
"569",2,2,392,0
"570",2,2,393,0
"571",2,2,394,0
"572",2,2,395,0
"573",2,2,396,0
"574",2,2,397,0
"575",2,4,0,1
"576",2,4,1,2
"577",2,4,2,3
"578",2,4,3,4
"579",2,4,4,5
"580",2,4,5,7
"581",2,4,6,9
"582",2,4,7,12
"583",2,4,8,16
"584",2,4,9,21
"585",2,4,10,27
"586",2,4,11,34
"587",2,4,12,43
"588",2,4,13,54
"589",2,4,14,67
"590",2,4,15,83
"591",2,4,16,101
"592",2,4,17,122
"593",2,4,18,147
"594",2,4,19,175
"595",2,4,20,207
"596",2,4,21,243
"597",2,4,22,283
"598",2,4,23,328
"599",2,4,24,377
"600",2,4,25,430
"601",2,4,26,488
"602",2,4,27,550
"603",2,4,28,616
"604",2,4,29,686
"605",2,4,30,760
"606",2,4,31,838
"607",2,4,32,919
"608",2,4,33,1003
"609",2,4,34,1090
"610",2,4,35,1180
"611",2,4,36,1273
"612",2,4,37,1368
"613",2,4,38,1465
"614",2,4,39,1564
"615",2,4,40,1665
"616",2,4,41,1767
"617",2,4,42,1870
"618",2,4,43,1974
"619",2,4,44,2079
"620",2,4,45,2185
"621",2,4,46,2291
"622",2,4,47,2397
"623",2,4,48,2504
"624",2,4,49,2611
"625",2,4,50,2718
"626",2,4,51,2824
"627",2,4,52,2930
"628",2,4,53,3036
"629",2,4,54,3141
"630",2,4,55,3246
"631",2,4,56,3350
"632",2,4,57,3454
"633",2,4,58,3557
"634",2,4,59,3659
"635",2,4,60,3760
"636",2,4,61,3860
"637",2,4,62,3959
"638",2,4,63,4058
"639",2,4,64,4156
"640",2,4,65,4252
"641",2,4,66,4347
"642",2,4,67,4441
"643",2,4,68,4534
"644",2,4,69,4626
"645",2,4,70,4717
"646",2,4,71,4807
"647",2,4,72,4896
"648",2,4,73,4984
"649",2,4,74,5071
"650",2,4,75,5156
"651",2,4,76,5240
"652",2,4,77,5323
"653",2,4,78,5405
"654",2,4,79,5486
"655",2,4,80,5566
"656",2,4,81,5645
"657",2,4,82,5722
"658",2,4,83,5798
"659",2,4,84,5873
"660",2,4,85,5947
"661",2,4,86,6020
"662",2,4,87,6092
"663",2,4,88,6163
"664",2,4,89,6233
"665",2,4,90,6302
"666",2,4,91,6370
"667",2,4,92,6437
"668",2,4,93,6503
"669",2,4,94,6567
"670",2,4,95,6630
"671",2,4,96,6693
"672",2,4,97,6755
"673",2,4,98,6816
"674",2,4,99,6876
"675",2,4,100,6935
"676",2,4,101,6993
"677",2,4,102,7050
"678",2,4,103,7106
"679",2,4,104,7161
"680",2,4,105,7215
"681",2,4,106,7268
"682",2,4,107,7320
"683",2,4,108,7371
"684",2,4,109,7421
"685",2,4,110,7471
"686",2,4,111,7520
"687",2,4,112,7568
"688",2,4,113,7615
"689",2,4,114,7661
"690",2,4,115,7707
"691",2,4,116,7752
"692",2,4,117,7796
"693",2,4,118,7839
"694",2,4,119,7881
"695",2,4,120,7923
"696",2,4,121,7964
"697",2,4,122,8004
"698",2,4,123,8044
"699",2,4,124,8083
"700",2,4,125,8121
"701",2,4,126,8159
"702",2,4,127,8196
"703",2,4,128,8232
"704",2,4,129,8268
"705",2,4,130,8303
"706",2,4,131,8337
"707",2,4,132,8371
"708",2,4,133,8404
"709",2,4,134,8437
"710",2,4,135,8469
"711",2,4,136,8500
"712",2,4,137,8531
"713",2,4,138,8561
"714",2,4,139,8591
"715",2,4,140,8620
"716",2,4,141,8649
"717",2,4,142,8677
"718",2,4,143,8705
"719",2,4,144,8732
"720",2,4,145,8759
"721",2,4,146,8786
"722",2,4,147,8812
"723",2,4,148,8838
"724",2,4,149,8864
"725",2,4,150,8889
"726",2,4,151,8914
"727",2,4,152,8939
"728",2,4,153,8964
"729",2,4,154,8989
"730",2,4,155,9013
"731",2,4,156,9037
"732",2,4,157,9061
"733",2,4,158,9085
"734",2,4,159,9109
"735",2,4,160,9133
"736",2,4,161,9157
"737",2,4,162,9181
"738",2,4,163,9205
"739",2,4,164,9229
"740",2,4,165,9253
"741",2,4,166,9276
"742",2,4,167,9299
"743",2,4,168,9322
"744",2,4,169,9345
"745",2,4,170,9367
"746",2,4,171,9389
"747",2,4,172,9411
"748",2,4,173,9432
"749",2,4,174,9453
"750",2,4,175,9474
"751",2,4,176,9494
"752",2,4,177,9514
"753",2,4,178,9534
"754",2,4,179,9553
"755",2,4,180,9572
"756",2,4,181,9591
"757",2,4,182,9609
"758",2,4,183,9627
"759",2,4,184,9645
"760",2,4,185,9663
"761",2,4,186,9680
"762",2,4,187,9697
"763",2,4,188,9714
"764",2,4,189,9730
"765",2,4,190,9746
"766",2,4,191,9762
"767",2,4,192,9777
"768",2,4,193,9792
"769",2,4,194,9807
"770",2,4,195,9822
"771",2,4,196,9836
"772",2,4,197,9850
"773",2,4,198,9864
"774",2,4,199,9878
"775",2,4,200,9892
"776",2,4,201,9905
"777",2,4,202,9918
"778",2,4,203,9931
"779",2,4,204,9944
"780",2,4,205,9956
"781",2,4,206,9968
"782",2,4,207,9980
"783",2,4,208,9992
"784",2,4,209,10004
"785",2,4,210,10015
"786",2,4,211,10026
"787",2,4,212,10037
"788",2,4,213,10048
"789",2,4,214,10059
"790",2,4,215,10069
"791",2,4,216,10079
"792",2,4,217,10089
"793",2,4,218,10099
"794",2,4,219,10109
"795",2,4,220,10118
"796",2,4,221,10127
"797",2,4,222,10136
"798",2,4,223,10145
"799",2,4,224,10154
"800",2,4,225,10163
"801",2,4,226,10171
"802",2,4,227,10179
"803",2,4,228,10187
"804",2,4,229,10195
"805",2,4,230,10203
"806",2,4,231,10211
"807",2,4,232,10219
"808",2,4,233,10226
"809",2,4,234,10233
"810",2,4,235,10240
"811",2,4,236,10247
"812",2,4,237,10254
"813",2,4,238,10260
"814",2,4,239,10266
"815",2,4,240,10272
"816",2,4,241,10278
"817",2,4,242,10284
"818",2,4,243,10289
"819",2,4,244,10294
"820",2,4,245,10299
"821",2,4,246,10304
"822",2,4,247,10308
"823",2,4,248,10312
"824",2,4,249,10316
"825",2,4,250,10320
"826",2,4,251,10323
"827",2,4,252,10326
"828",2,4,253,10329
"829",2,4,254,10331
"830",2,4,255,10333
"831",2,4,256,10335
"832",2,4,257,10336
"833",2,4,258,10337
"834",2,4,259,10338
"835",2,4,260,10338
"836",2,4,261,10338
"837",2,4,262,10337
"838",2,4,263,10336
"839",2,4,264,10335
"840",2,4,265,10333
"841",2,4,266,10331
"842",2,4,267,10328
"843",2,4,268,10325
"844",2,4,269,10321
"845",2,4,270,10316
"846",2,4,271,10311
"847",2,4,272,10305
"848",2,4,273,10299
"849",2,4,274,10292
"850",2,4,275,10284
"851",2,4,276,10275
"852",2,4,277,10266
"853",2,4,278,10256
"854",2,4,279,10245
"855",2,4,280,10233
"856",2,4,281,10220
"857",2,4,282,10206
"858",2,4,283,10191
"859",2,4,284,10175
"860",2,4,285,10158
"861",2,4,286,10140
"862",2,4,287,10121
"863",2,4,288,10100
"864",2,4,289,10078
"865",2,4,290,10055
"866",2,4,291,10030
"867",2,4,292,10004
"868",2,4,293,9976
"869",2,4,294,9947
"870",2,4,295,9916
"871",2,4,296,9883
"872",2,4,297,9848
"873",2,4,298,9811
"874",2,4,299,9772
"875",2,4,300,9731
"876",2,4,301,9688
"877",2,4,302,9643
"878",2,4,303,9595
"879",2,4,304,9545
"880",2,4,305,9492
"881",2,4,306,9437
"882",2,4,307,9379
"883",2,4,308,9318
"884",2,4,309,9254
"885",2,4,310,9187
"886",2,4,311,9117
"887",2,4,312,9043
"888",2,4,313,8966
"889",2,4,314,8885
"890",2,4,315,8801
"891",2,4,316,8713
"892",2,4,317,8621
"893",2,4,318,8525
"894",2,4,319,8425
"895",2,4,320,8321
"896",2,4,321,8213
"897",2,4,322,8101
"898",2,4,323,7984
"899",2,4,324,7863
"900",2,4,325,7737
"901",2,4,326,7607
"902",2,4,327,7472
"903",2,4,328,7333
"904",2,4,329,7189
"905",2,4,330,7041
"906",2,4,331,6889
"907",2,4,332,6732
"908",2,4,333,6571
"909",2,4,334,6406
"910",2,4,335,6237
"911",2,4,336,6064
"912",2,4,337,5888
"913",2,4,338,5703
"914",2,4,339,5504
"915",2,4,340,5293
"916",2,4,341,5071
"917",2,4,342,4840
"918",2,4,343,4601
"919",2,4,344,4356
"920",2,4,345,4107
"921",2,4,346,3856
"922",2,4,347,3604
"923",2,4,348,3353
"924",2,4,349,3105
"925",2,4,350,2861
"926",2,4,351,2623
"927",2,4,352,2393
"928",2,4,353,2172
"929",2,4,354,1960
"930",2,4,355,1759
"931",2,4,356,1570
"932",2,4,357,1393
"933",2,4,358,1229
"934",2,4,359,1077
"935",2,4,360,938
"936",2,4,361,812
"937",2,4,362,699
"938",2,4,363,598
"939",2,4,364,508
"940",2,4,365,429
"941",2,4,366,360
"942",2,4,367,300
"943",2,4,368,249
"944",2,4,369,206
"945",2,4,370,169
"946",2,4,371,138
"947",2,4,372,112
"948",2,4,373,91
"949",2,4,374,74
"950",2,4,375,60
"951",2,4,376,48
"952",2,4,377,39
"953",2,4,378,31
"954",2,4,379,25
"955",2,4,380,20
"956",2,4,381,16
"957",2,4,382,13
"958",2,4,383,11
"959",2,4,384,9
"960",2,4,385,7
"961",2,4,386,6
"962",2,4,387,5
"963",2,4,388,4
"964",2,4,389,3
"965",2,4,390,3
"966",2,4,391,2
"967",2,4,392,2
"968",2,4,393,2
"969",2,4,394,1
"970",2,4,395,1
"971",2,4,396,1
"972",2,4,397,1
"973",2,5,0,1
"974",2,5,1,2
"975",2,5,2,3
"976",2,5,3,4
"977",2,5,4,5
"978",2,5,5,6
"979",2,5,6,7
"980",2,5,7,8
"981",2,5,8,9
"982",2,5,9,10
"983",2,5,10,11
"984",2,5,11,12
"985",2,5,12,13
"986",2,5,13,14
"987",2,5,14,15
"988",2,5,15,16
"989",2,5,16,17
"990",2,5,17,18
"991",2,5,18,19
"992",2,5,19,20
"993",2,5,20,21
"994",2,5,21,22
"995",2,5,22,23
"996",2,5,23,24
"997",2,5,24,25
"998",2,5,25,26
"999",2,5,26,27
"1000",2,5,27,28
"1001",2,5,28,29
"1002",2,5,29,30
"1003",2,5,30,31
"1004",2,5,31,32
"1005",2,5,32,33
"1006",2,5,33,34
"1007",2,5,34,35
"1008",2,5,35,36
"1009",2,5,36,37
"1010",2,5,37,38
"1011",2,5,38,39
"1012",2,5,39,40
"1013",2,5,40,41
"1014",2,5,41,42
"1015",2,5,42,43
"1016",2,5,43,44
"1017",2,5,44,45
"1018",2,5,45,46
"1019",2,5,46,47
"1020",2,5,47,48
"1021",2,5,48,49
"1022",2,5,49,50
"1023",2,5,50,51
"1024",2,5,51,52
"1025",2,5,52,53
"1026",2,5,53,54
"1027",2,5,54,55
"1028",2,5,55,56
"1029",2,5,56,57
"1030",2,5,57,58
"1031",2,5,58,59
"1032",2,5,59,60
"1033",2,5,60,61
"1034",2,5,61,62
"1035",2,5,62,63
"1036",2,5,63,64
"1037",2,5,64,65
"1038",2,5,65,66
"1039",2,5,66,67
"1040",2,5,67,68
"1041",2,5,68,69
"1042",2,5,69,70
"1043",2,5,70,71
"1044",2,5,71,72
"1045",2,5,72,73
"1046",2,5,73,74
"1047",2,5,74,75
"1048",2,5,75,76
"1049",2,5,76,77
"1050",2,5,77,78
"1051",2,5,78,79
"1052",2,5,79,80
"1053",2,5,80,81
"1054",2,5,81,82
"1055",2,5,82,83
"1056",2,5,83,84
"1057",2,5,84,85
"1058",2,5,85,86
"1059",2,5,86,87
"1060",2,5,87,88
"1061",2,5,88,88
"1062",2,5,89,88
"1063",2,5,90,88
"1064",2,5,91,88
"1065",2,5,92,88
"1066",2,5,93,88
"1067",2,5,94,88
"1068",2,5,95,88
"1069",2,5,96,88
"1070",2,5,97,88
"1071",2,5,98,88
"1072",2,5,99,88
"1073",2,5,100,88
"1074",2,5,101,88
"1075",2,5,102,88
"1076",2,5,103,88
"1077",2,5,104,88
"1078",2,5,105,88
"1079",2,5,106,88
"1080",2,5,107,88
"1081",2,5,108,88
"1082",2,5,109,88
"1083",2,5,110,88
"1084",2,5,111,88
"1085",2,5,112,88
"1086",2,5,113,88
"1087",2,5,114,88
"1088",2,5,115,88
"1089",2,5,116,88
"1090",2,5,117,88
"1091",2,5,118,88
"1092",2,5,119,88
"1093",2,5,120,88
"1094",2,5,121,88
"1095",2,5,122,88
"1096",2,5,123,88
"1097",2,5,124,88
"1098",2,5,125,88
"1099",2,5,126,88
"1100",2,5,127,88
"1101",2,5,128,88
"1102",2,5,129,88
"1103",2,5,130,88
"1104",2,5,131,88
"1105",2,5,132,88
"1106",2,5,133,88
"1107",2,5,134,88
"1108",2,5,135,88
"1109",2,5,136,88
"1110",2,5,137,88
"1111",2,5,138,88
"1112",2,5,139,88
"1113",2,5,140,88
"1114",2,5,141,88
"1115",2,5,142,88
"1116",2,5,143,88
"1117",2,5,144,88
"1118",2,5,145,88
"1119",2,5,146,88
"1120",2,5,147,88
"1121",2,5,148,88
"1122",2,5,149,88
"1123",2,5,150,88
"1124",2,5,151,88
"1125",2,5,152,88
"1126",2,5,153,88
"1127",2,5,154,88
"1128",2,5,155,88
"1129",2,5,156,88
"1130",2,5,157,88
"1131",2,5,158,88
"1132",2,5,159,88
"1133",2,5,160,88
"1134",2,5,161,88
"1135",2,5,162,88
"1136",2,5,163,88
"1137",2,5,164,88
"1138",2,5,165,88
"1139",2,5,166,88
"1140",2,5,167,88
"1141",2,5,168,88
"1142",2,5,169,88
"1143",2,5,170,88
"1144",2,5,171,88
"1145",2,5,172,88
"1146",2,5,173,88
"1147",2,5,174,88
"1148",2,5,175,88
"1149",2,5,176,88
"1150",2,5,177,88
"1151",2,5,178,88
"1152",2,5,179,88
"1153",2,5,180,88
"1154",2,5,181,88
"1155",2,5,182,88
"1156",2,5,183,88
"1157",2,5,184,88
"1158",2,5,185,88
"1159",2,5,186,88
"1160",2,5,187,88
"1161",2,5,188,88
"1162",2,5,189,88
"1163",2,5,190,88
"1164",2,5,191,88
"1165",2,5,192,88
"1166",2,5,193,88
"1167",2,5,194,88
"1168",2,5,195,88
"1169",2,5,196,88
"1170",2,5,197,87
"1171",2,5,198,86
"1172",2,5,199,85
"1173",2,5,200,84
"1174",2,5,201,83
"1175",2,5,202,82
"1176",2,5,203,81
"1177",2,5,204,80
"1178",2,5,205,79
"1179",2,5,206,78
"1180",2,5,207,77
"1181",2,5,208,76
"1182",2,5,209,75
"1183",2,5,210,74
"1184",2,5,211,73
"1185",2,5,212,72
"1186",2,5,213,71
"1187",2,5,214,70
"1188",2,5,215,69
"1189",2,5,216,68
"1190",2,5,217,66
"1191",2,5,218,64
"1192",2,5,219,62
"1193",2,5,220,60
"1194",2,5,221,58
"1195",2,5,222,56
"1196",2,5,223,53
"1197",2,5,224,50
"1198",2,5,225,47
"1199",2,5,226,44
"1200",2,5,227,41
"1201",2,5,228,38
"1202",2,5,229,35
"1203",2,5,230,32
"1204",2,5,231,29
"1205",2,5,232,26
"1206",2,5,233,23
"1207",2,5,234,20
"1208",2,5,235,17
"1209",2,5,236,14
"1210",2,5,237,12
"1211",2,5,238,10
"1212",2,5,239,8
"1213",2,5,240,7
"1214",2,5,241,6
"1215",2,5,242,5
"1216",2,5,243,4
"1217",2,5,244,3
"1218",2,5,245,3
"1219",2,5,246,2
"1220",2,5,247,2
"1221",2,5,248,2
"1222",2,5,249,2
"1223",2,5,250,1
"1224",2,5,251,1
"1225",2,5,252,1
"1226",2,5,253,1
"1227",2,5,254,0
"1228",2,5,255,0
"1229",2,5,256,0
"1230",2,5,257,0
"1231",2,5,258,0
"1232",2,5,259,0
"1233",2,5,260,0
"1234",2,5,261,0
"1235",2,5,262,0
"1236",2,5,263,0
"1237",2,5,264,0
"1238",2,5,265,0
"1239",2,5,266,0
"1240",2,5,267,0
"1241",2,5,268,0
"1242",2,5,269,0
"1243",2,5,270,0
"1244",2,5,271,0
"1245",2,5,272,0
"1246",2,5,273,0
"1247",2,5,274,0
"1248",2,5,275,0
"1249",2,5,276,0
"1250",2,5,277,0
"1251",2,5,278,0
"1252",2,5,279,0
"1253",2,5,280,0
"1254",2,5,281,0
"1255",2,5,282,0
"1256",2,5,283,0
"1257",2,5,284,0
"1258",2,5,285,0
"1259",2,5,286,0
"1260",2,5,287,0
"1261",2,5,288,0
"1262",2,5,289,0
"1263",2,5,290,0
"1264",2,5,291,0
"1265",2,5,292,0
"1266",2,5,293,0
"1267",2,5,294,0
"1268",2,5,295,0
"1269",2,5,296,0
"1270",2,5,297,0
"1271",2,5,298,0
"1272",2,5,299,0
"1273",2,5,300,0
"1274",2,5,301,0
"1275",2,5,302,0
"1276",2,5,303,0
"1277",2,5,304,0
"1278",2,5,305,0
"1279",2,5,306,0
"1280",2,5,307,0
"1281",2,5,308,0
"1282",2,5,309,0
"1283",2,5,310,0
"1284",2,5,311,0
"1285",2,5,312,0
"1286",2,5,313,0
"1287",2,5,314,0
"1288",2,5,315,0
"1289",2,5,316,0
"1290",2,5,317,0
"1291",2,5,318,0
"1292",2,5,319,0
"1293",2,5,320,0
"1294",2,5,321,0
"1295",2,5,322,0
"1296",2,5,323,0
"1297",2,5,324,0
"1298",2,5,325,0
"1299",2,5,326,0
"1300",2,5,327,0
"1301",2,5,328,0
"1302",2,5,329,0
"1303",2,5,330,0
"1304",2,5,331,0
"1305",2,5,332,0
"1306",2,5,333,0
"1307",2,5,334,0
"1308",2,5,335,0
"1309",2,5,336,0
"1310",2,5,337,0
"1311",2,5,338,0
"1312",2,5,339,0
"1313",2,5,340,0
"1314",2,5,341,0
"1315",2,5,342,0
"1316",2,5,343,0
"1317",2,5,344,0
"1318",2,5,345,0
"1319",2,5,346,0
"1320",2,5,347,0
"1321",2,5,348,0
"1322",2,5,349,0
"1323",2,5,350,0
"1324",2,5,351,0
"1325",2,5,352,0
"1326",2,5,353,0
"1327",2,5,354,0
"1328",2,5,355,0
"1329",2,5,356,0
"1330",2,5,357,0
"1331",2,5,358,0
"1332",2,5,359,0
"1333",2,5,360,0
"1334",2,5,361,0
"1335",2,5,362,0
"1336",2,5,363,0
"1337",2,5,364,0
"1338",2,5,365,0
"1339",2,5,366,0
"1340",2,5,367,0
"1341",2,5,368,0
"1342",2,5,369,0
"1343",2,5,370,0
"1344",2,5,371,0
"1345",2,5,372,0
"1346",2,5,373,0
"1347",2,5,374,0
"1348",2,5,375,0
"1349",2,5,376,0
"1350",2,5,377,0
"1351",2,5,378,0
"1352",2,5,379,0
"1353",2,5,380,0
"1354",2,5,381,0
"1355",2,5,382,0
"1356",2,5,383,0
"1357",2,5,384,0
"1358",2,5,385,0
"1359",2,5,386,0
"1360",2,5,387,0
"1361",2,5,388,0
"1362",2,5,389,0
"1363",2,5,390,0
"1364",2,5,391,0
"1365",2,5,392,0
"1366",2,5,393,0
"1367",2,5,394,0
"1368",2,5,395,0
"1369",2,5,396,0
"1370",2,5,397,0
"1371",3,3,0,1
"1372",3,3,1,2
"1373",3,3,2,3
"1374",3,3,3,4
"1375",3,3,4,6
"1376",3,3,5,8
"1377",3,3,6,11
"1378",3,3,7,15
"1379",3,3,8,20
"1380",3,3,9,26
"1381",3,3,10,33
"1382",3,3,11,41
"1383",3,3,12,51
"1384",3,3,13,63
"1385",3,3,14,77
"1386",3,3,15,93
"1387",3,3,16,111
"1388",3,3,17,132
"1389",3,3,18,155
"1390",3,3,19,181
"1391",3,3,20,210
"1392",3,3,21,242
"1393",3,3,22,277
"1394",3,3,23,316
"1395",3,3,24,358
"1396",3,3,25,403
"1397",3,3,26,452
"1398",3,3,27,504
"1399",3,3,28,559
"1400",3,3,29,618
"1401",3,3,30,680
"1402",3,3,31,745
"1403",3,3,32,813
"1404",3,3,33,884
"1405",3,3,34,957
"1406",3,3,35,1033
"1407",3,3,36,1111
"1408",3,3,37,1191
"1409",3,3,38,1273
"1410",3,3,39,1357
"1411",3,3,40,1443
"1412",3,3,41,1530
"1413",3,3,42,1619
"1414",3,3,43,1709
"1415",3,3,44,1800
"1416",3,3,45,1892
"1417",3,3,46,1985
"1418",3,3,47,2078
"1419",3,3,48,2172
"1420",3,3,49,2266
"1421",3,3,50,2360
"1422",3,3,51,2455
"1423",3,3,52,2550
"1424",3,3,53,2645
"1425",3,3,54,2739
"1426",3,3,55,2833
"1427",3,3,56,2927
"1428",3,3,57,3021
"1429",3,3,58,3114
"1430",3,3,59,3207
"1431",3,3,60,3299
"1432",3,3,61,3391
"1433",3,3,62,3482
"1434",3,3,63,3572
"1435",3,3,64,3662
"1436",3,3,65,3751
"1437",3,3,66,3839
"1438",3,3,67,3926
"1439",3,3,68,4013
"1440",3,3,69,4099
"1441",3,3,70,4184
"1442",3,3,71,4268
"1443",3,3,72,4351
"1444",3,3,73,4433
"1445",3,3,74,4514
"1446",3,3,75,4594
"1447",3,3,76,4673
"1448",3,3,77,4751
"1449",3,3,78,4828
"1450",3,3,79,4904
"1451",3,3,80,4979
"1452",3,3,81,5053
"1453",3,3,82,5126
"1454",3,3,83,5198
"1455",3,3,84,5269
"1456",3,3,85,5339
"1457",3,3,86,5408
"1458",3,3,87,5476
"1459",3,3,88,5543
"1460",3,3,89,5609
"1461",3,3,90,5674
"1462",3,3,91,5738
"1463",3,3,92,5802
"1464",3,3,93,5865
"1465",3,3,94,5927
"1466",3,3,95,5988
"1467",3,3,96,6048
"1468",3,3,97,6107
"1469",3,3,98,6165
"1470",3,3,99,6222
"1471",3,3,100,6278
"1472",3,3,101,6334
"1473",3,3,102,6389
"1474",3,3,103,6443
"1475",3,3,104,6496
"1476",3,3,105,6548
"1477",3,3,106,6599
"1478",3,3,107,6649
"1479",3,3,108,6698
"1480",3,3,109,6747
"1481",3,3,110,6795
"1482",3,3,111,6842
"1483",3,3,112,6888
"1484",3,3,113,6933
"1485",3,3,114,6977
"1486",3,3,115,7020
"1487",3,3,116,7062
"1488",3,3,117,7103
"1489",3,3,118,7143
"1490",3,3,119,7181
"1491",3,3,120,7218
"1492",3,3,121,7254
"1493",3,3,122,7288
"1494",3,3,123,7321
"1495",3,3,124,7352
"1496",3,3,125,7381
"1497",3,3,126,7408
"1498",3,3,127,7433
"1499",3,3,128,7456
"1500",3,3,129,7476
"1501",3,3,130,7494
"1502",3,3,131,7508
"1503",3,3,132,7519
"1504",3,3,133,7526
"1505",3,3,134,7529
"1506",3,3,135,7527
"1507",3,3,136,7519
"1508",3,3,137,7505
"1509",3,3,138,7484
"1510",3,3,139,7456
"1511",3,3,140,7419
"1512",3,3,141,7373
"1513",3,3,142,7316
"1514",3,3,143,7247
"1515",3,3,144,7165
"1516",3,3,145,7069
"1517",3,3,146,6957
"1518",3,3,147,6827
"1519",3,3,148,6678
"1520",3,3,149,6509
"1521",3,3,150,6318
"1522",3,3,151,6083
"1523",3,3,152,5792
"1524",3,3,153,5472
"1525",3,3,154,5127
"1526",3,3,155,4758
"1527",3,3,156,4367
"1528",3,3,157,3958
"1529",3,3,158,3535
"1530",3,3,159,3104
"1531",3,3,160,2673
"1532",3,3,161,2249
"1533",3,3,162,1843
"1534",3,3,163,1463
"1535",3,3,164,1119
"1536",3,3,165,819
"1537",3,3,166,569
"1538",3,3,167,371
"1539",3,3,168,224
"1540",3,3,169,123
"1541",3,3,170,60
"1542",3,3,171,26
"1543",3,3,172,9
"1544",3,3,173,3
"1545",3,3,174,1
"1546",3,3,175,1
"1547",3,3,176,0
"1548",3,3,177,0
"1549",3,3,178,0
"1550",3,3,179,0
"1551",3,3,180,0
"1552",3,3,181,0
"1553",3,3,182,0
"1554",3,3,183,0
"1555",3,3,184,0
"1556",3,3,185,0
"1557",3,3,186,0
"1558",3,3,187,0
"1559",3,3,188,0
"1560",3,3,189,0
"1561",3,3,190,0
"1562",3,3,191,0
"1563",3,3,192,0
"1564",3,3,193,0
"1565",3,3,194,0
"1566",3,3,195,0
"1567",3,3,196,0
"1568",3,3,197,0
"1569",3,3,198,0
"1570",3,3,199,0
"1571",3,3,200,0
"1572",3,3,201,0
"1573",3,3,202,0
"1574",3,3,203,0
"1575",3,3,204,0
"1576",3,3,205,0
"1577",3,3,206,0
"1578",3,3,207,0
"1579",3,3,208,0
"1580",3,3,209,0
"1581",3,3,210,0
"1582",3,3,211,0
"1583",3,3,212,0
"1584",3,3,213,0
"1585",3,3,214,0
"1586",3,3,215,0
"1587",3,3,216,0
"1588",3,3,217,0
"1589",3,3,218,0
"1590",3,3,219,0
"1591",3,3,220,0
"1592",3,3,221,0
"1593",3,3,222,0
"1594",3,3,223,0
"1595",3,3,224,0
"1596",3,3,225,0
"1597",3,3,226,0
"1598",3,3,227,0
"1599",3,3,228,0
"1600",3,3,229,0
"1601",3,3,230,0
"1602",3,3,231,0
"1603",3,3,232,0
"1604",3,3,233,0
"1605",3,3,234,0
"1606",3,3,235,0
"1607",3,3,236,0
"1608",3,3,237,0
"1609",3,3,238,0
"1610",3,3,239,0
"1611",3,3,240,0
"1612",3,3,241,0
"1613",3,3,242,0
"1614",3,3,243,0
"1615",3,3,244,0
"1616",3,3,245,0
"1617",3,3,246,0
"1618",3,3,247,0
"1619",3,3,248,0
"1620",3,3,249,0
"1621",3,3,250,0
"1622",3,3,251,0
"1623",3,3,252,0
"1624",3,3,253,0
"1625",3,6,0,1
"1626",3,6,1,2
"1627",3,6,2,3
"1628",3,6,3,4
"1629",3,6,4,6
"1630",3,6,5,8
"1631",3,6,6,10
"1632",3,6,7,13
"1633",3,6,8,16
"1634",3,6,9,19
"1635",3,6,10,23
"1636",3,6,11,27
"1637",3,6,12,31
"1638",3,6,13,35
"1639",3,6,14,40
"1640",3,6,15,45
"1641",3,6,16,50
"1642",3,6,17,55
"1643",3,6,18,60
"1644",3,6,19,65
"1645",3,6,20,70
"1646",3,6,21,75
"1647",3,6,22,80
"1648",3,6,23,85
"1649",3,6,24,90
"1650",3,6,25,95
"1651",3,6,26,100
"1652",3,6,27,105
"1653",3,6,28,110
"1654",3,6,29,115
"1655",3,6,30,119
"1656",3,6,31,123
"1657",3,6,32,127
"1658",3,6,33,131
"1659",3,6,34,135
"1660",3,6,35,139
"1661",3,6,36,143
"1662",3,6,37,147
"1663",3,6,38,151
"1664",3,6,39,155
"1665",3,6,40,159
"1666",3,6,41,163
"1667",3,6,42,167
"1668",3,6,43,171
"1669",3,6,44,175
"1670",3,6,45,179
"1671",3,6,46,183
"1672",3,6,47,187
"1673",3,6,48,191
"1674",3,6,49,195
"1675",3,6,50,199
"1676",3,6,51,203
"1677",3,6,52,207
"1678",3,6,53,211
"1679",3,6,54,215
"1680",3,6,55,219
"1681",3,6,56,223
"1682",3,6,57,227
"1683",3,6,58,231
"1684",3,6,59,235
"1685",3,6,60,239
"1686",3,6,61,243
"1687",3,6,62,247
"1688",3,6,63,251
"1689",3,6,64,255
"1690",3,6,65,259
"1691",3,6,66,263
"1692",3,6,67,267
"1693",3,6,68,271
"1694",3,6,69,275
"1695",3,6,70,279
"1696",3,6,71,283
"1697",3,6,72,287
"1698",3,6,73,291
"1699",3,6,74,295
"1700",3,6,75,299
"1701",3,6,76,303
"1702",3,6,77,307
"1703",3,6,78,311
"1704",3,6,79,315
"1705",3,6,80,319
"1706",3,6,81,323
"1707",3,6,82,327
"1708",3,6,83,331
"1709",3,6,84,335
"1710",3,6,85,339
"1711",3,6,86,343
"1712",3,6,87,347
"1713",3,6,88,351
"1714",3,6,89,355
"1715",3,6,90,359
"1716",3,6,91,362
"1717",3,6,92,365
"1718",3,6,93,368
"1719",3,6,94,370
"1720",3,6,95,371
"1721",3,6,96,371
"1722",3,6,97,371
"1723",3,6,98,371
"1724",3,6,99,371
"1725",3,6,100,371
"1726",3,6,101,371
"1727",3,6,102,371
"1728",3,6,103,371
"1729",3,6,104,371
"1730",3,6,105,371
"1731",3,6,106,371
"1732",3,6,107,371
"1733",3,6,108,371
"1734",3,6,109,371
"1735",3,6,110,371
"1736",3,6,111,371
"1737",3,6,112,371
"1738",3,6,113,371
"1739",3,6,114,371
"1740",3,6,115,371
"1741",3,6,116,371
"1742",3,6,117,371
"1743",3,6,118,371
"1744",3,6,119,371
"1745",3,6,120,371
"1746",3,6,121,371
"1747",3,6,122,371
"1748",3,6,123,371
"1749",3,6,124,371
"1750",3,6,125,371
"1751",3,6,126,371
"1752",3,6,127,371
"1753",3,6,128,371
"1754",3,6,129,371
"1755",3,6,130,371
"1756",3,6,131,371
"1757",3,6,132,371
"1758",3,6,133,371
"1759",3,6,134,371
"1760",3,6,135,371
"1761",3,6,136,371
"1762",3,6,137,371
"1763",3,6,138,371
"1764",3,6,139,371
"1765",3,6,140,371
"1766",3,6,141,371
"1767",3,6,142,371
"1768",3,6,143,371
"1769",3,6,144,371
"1770",3,6,145,371
"1771",3,6,146,371
"1772",3,6,147,371
"1773",3,6,148,371
"1774",3,6,149,371
"1775",3,6,150,371
"1776",3,6,151,371
"1777",3,6,152,371
"1778",3,6,153,374
"1779",3,6,154,378
"1780",3,6,155,383
"1781",3,6,156,388
"1782",3,6,157,394
"1783",3,6,158,400
"1784",3,6,159,407
"1785",3,6,160,414
"1786",3,6,161,422
"1787",3,6,162,431
"1788",3,6,163,442
"1789",3,6,164,455
"1790",3,6,165,471
"1791",3,6,166,490
"1792",3,6,167,514
"1793",3,6,168,544
"1794",3,6,169,581
"1795",3,6,170,625
"1796",3,6,171,675
"1797",3,6,172,729
"1798",3,6,173,786
"1799",3,6,174,845
"1800",3,6,175,905
"1801",3,6,176,966
"1802",3,6,177,1027
"1803",3,6,178,1089
"1804",3,6,179,1151
"1805",3,6,180,1214
"1806",3,6,181,1277
"1807",3,6,182,1340
"1808",3,6,183,1403
"1809",3,6,184,1465
"1810",3,6,185,1527
"1811",3,6,186,1589
"1812",3,6,187,1650
"1813",3,6,188,1710
"1814",3,6,189,1770
"1815",3,6,190,1829
"1816",3,6,191,1887
"1817",3,6,192,1944
"1818",3,6,193,1999
"1819",3,6,194,2053
"1820",3,6,195,2105
"1821",3,6,196,2156
"1822",3,6,197,2205
"1823",3,6,198,2252
"1824",3,6,199,2297
"1825",3,6,200,2339
"1826",3,6,201,2379
"1827",3,6,202,2416
"1828",3,6,203,2450
"1829",3,6,204,2481
"1830",3,6,205,2508
"1831",3,6,206,2532
"1832",3,6,207,2552
"1833",3,6,208,2568
"1834",3,6,209,2579
"1835",3,6,210,2585
"1836",3,6,211,2586
"1837",3,6,212,2582
"1838",3,6,213,2572
"1839",3,6,214,2556
"1840",3,6,215,2534
"1841",3,6,216,2505
"1842",3,6,217,2469
"1843",3,6,218,2426
"1844",3,6,219,2375
"1845",3,6,220,2314
"1846",3,6,221,2236
"1847",3,6,222,2141
"1848",3,6,223,2030
"1849",3,6,224,1905
"1850",3,6,225,1768
"1851",3,6,226,1621
"1852",3,6,227,1470
"1853",3,6,228,1320
"1854",3,6,229,1172
"1855",3,6,230,1028
"1856",3,6,231,890
"1857",3,6,232,759
"1858",3,6,233,637
"1859",3,6,234,525
"1860",3,6,235,424
"1861",3,6,236,335
"1862",3,6,237,258
"1863",3,6,238,193
"1864",3,6,239,140
"1865",3,6,240,98
"1866",3,6,241,66
"1867",3,6,242,43
"1868",3,6,243,27
"1869",3,6,244,16
"1870",3,6,245,9
"1871",3,6,246,5
"1872",3,6,247,3
"1873",3,6,248,2
"1874",3,6,249,2
"1875",3,6,250,1
"1876",3,6,251,1
"1877",3,6,252,1
"1878",3,6,253,1
